--
-- PostgreSQL database dump
--

-- Dumped from database version 11.2 (Debian 11.2-1.pgdg90+1)
-- Dumped by pg_dump version 11.3

SET statement_timeout = 0;
SET lock_timeout = 0;
SET idle_in_transaction_session_timeout = 0;
SET client_encoding = 'UTF8';
SET standard_conforming_strings = on;
SELECT pg_catalog.set_config('search_path', '', false);
SET check_function_bodies = false;
SET xmloption = content;
SET client_min_messages = warning;
SET row_security = off;

--
-- Name: cookbook; Type: DATABASE; Schema: -; Owner: postgres
--

CREATE DATABASE cookbook WITH TEMPLATE = template0 ENCODING = 'UTF8' LC_COLLATE = 'en_US.utf8' LC_CTYPE = 'en_US.utf8';


ALTER DATABASE cookbook OWNER TO postgres;

\connect cookbook

SET statement_timeout = 0;
SET lock_timeout = 0;
SET idle_in_transaction_session_timeout = 0;
SET client_encoding = 'UTF8';
SET standard_conforming_strings = on;
SELECT pg_catalog.set_config('search_path', '', false);
SET check_function_bodies = false;
SET xmloption = content;
SET client_min_messages = warning;
SET row_security = off;

SET default_tablespace = '';

SET default_with_oids = false;

--
-- Name: dept; Type: TABLE; Schema: public; Owner: postgres
--

CREATE TABLE public.dept (
    deptno integer NOT NULL,
    dname character varying(12) NOT NULL,
    loc character varying(8) NOT NULL
);


ALTER TABLE public.dept OWNER TO postgres;

--
-- Name: emp; Type: TABLE; Schema: public; Owner: postgres
--

CREATE TABLE public.emp (
    empno integer NOT NULL,
    name character varying(6) NOT NULL,
    job character varying(9) NOT NULL,
    mgr integer,
    hiredate date NOT NULL,
    sal integer NOT NULL,
    comm integer,
    deptno integer NOT NULL
);


ALTER TABLE public.emp OWNER TO postgres;

--
-- Name: t1; Type: TABLE; Schema: public; Owner: postgres
--

CREATE TABLE public.t1 (
    id integer NOT NULL
);


ALTER TABLE public.t1 OWNER TO postgres;

--
-- Name: t10; Type: TABLE; Schema: public; Owner: postgres
--

CREATE TABLE public.t10 (
    id integer NOT NULL
);


ALTER TABLE public.t10 OWNER TO postgres;

--
-- Name: t100; Type: TABLE; Schema: public; Owner: postgres
--

CREATE TABLE public.t100 (
    id integer NOT NULL
);


ALTER TABLE public.t100 OWNER TO postgres;

--
-- Name: t500; Type: TABLE; Schema: public; Owner: postgres
--

CREATE TABLE public.t500 (
    id integer NOT NULL
);


ALTER TABLE public.t500 OWNER TO postgres;

--
-- Data for Name: dept; Type: TABLE DATA; Schema: public; Owner: postgres
--

INSERT INTO public.dept VALUES (10, 'ACCOUNTING', 'NEW YORK');
INSERT INTO public.dept VALUES (20, 'RESEARCH', 'DALLAS');
INSERT INTO public.dept VALUES (30, 'SALES', 'CHICAGO');
INSERT INTO public.dept VALUES (40, 'OPERATIONS', 'BOSTON');


--
-- Data for Name: emp; Type: TABLE DATA; Schema: public; Owner: postgres
--

INSERT INTO public.emp VALUES (7369, 'SMITH', 'CLERK', 7902, '1980-12-17', 800, NULL, 20);
INSERT INTO public.emp VALUES (7499, 'ALLEN', 'SALESMAN', 7698, '1981-02-20', 1600, 300, 30);
INSERT INTO public.emp VALUES (7521, 'WARD', 'SALESMAN', 7698, '1981-02-22', 1250, 500, 30);
INSERT INTO public.emp VALUES (7566, 'JONES', 'MANAGER', 7839, '1981-04-02', 2975, NULL, 20);
INSERT INTO public.emp VALUES (7654, 'MARTIN', 'SALESMAN', 7698, '1981-09-28', 1250, 1400, 30);
INSERT INTO public.emp VALUES (7698, 'BLAKE', 'MANAGER', 7839, '1981-05-01', 2850, NULL, 30);
INSERT INTO public.emp VALUES (7782, 'CLARK', 'MANAGER', 7839, '1981-06-09', 2450, NULL, 10);
INSERT INTO public.emp VALUES (7788, 'SCOTT', 'ANALYST', 7566, '1982-12-09', 3000, NULL, 20);
INSERT INTO public.emp VALUES (7839, 'KING', 'PRESIDENT', NULL, '1981-11-17', 5000, NULL, 10);
INSERT INTO public.emp VALUES (7844, 'TURNER', 'SALESMAN', 7698, '1981-09-08', 1500, 0, 30);
INSERT INTO public.emp VALUES (7876, 'ADAMS', 'CLERK', 7788, '1983-01-12', 1100, NULL, 20);
INSERT INTO public.emp VALUES (7900, 'JAMES', 'CLERK', 7698, '1981-12-03', 950, NULL, 30);
INSERT INTO public.emp VALUES (7902, 'FORD', 'ANALYST', 7566, '1981-12-03', 3000, NULL, 20);
INSERT INTO public.emp VALUES (7934, 'MILLER', 'CLERK', 7782, '1982-01-23', 1300, NULL, 10);


--
-- Data for Name: t1; Type: TABLE DATA; Schema: public; Owner: postgres
--

INSERT INTO public.t1 VALUES (1);


--
-- Data for Name: t10; Type: TABLE DATA; Schema: public; Owner: postgres
--

INSERT INTO public.t10 VALUES (1);
INSERT INTO public.t10 VALUES (2);
INSERT INTO public.t10 VALUES (3);
INSERT INTO public.t10 VALUES (4);
INSERT INTO public.t10 VALUES (5);
INSERT INTO public.t10 VALUES (6);
INSERT INTO public.t10 VALUES (7);
INSERT INTO public.t10 VALUES (8);
INSERT INTO public.t10 VALUES (9);
INSERT INTO public.t10 VALUES (10);


--
-- Data for Name: t100; Type: TABLE DATA; Schema: public; Owner: postgres
--

INSERT INTO public.t100 VALUES (1);
INSERT INTO public.t100 VALUES (2);
INSERT INTO public.t100 VALUES (3);
INSERT INTO public.t100 VALUES (4);
INSERT INTO public.t100 VALUES (5);
INSERT INTO public.t100 VALUES (6);
INSERT INTO public.t100 VALUES (7);
INSERT INTO public.t100 VALUES (8);
INSERT INTO public.t100 VALUES (9);
INSERT INTO public.t100 VALUES (10);
INSERT INTO public.t100 VALUES (11);
INSERT INTO public.t100 VALUES (12);
INSERT INTO public.t100 VALUES (13);
INSERT INTO public.t100 VALUES (14);
INSERT INTO public.t100 VALUES (15);
INSERT INTO public.t100 VALUES (16);
INSERT INTO public.t100 VALUES (17);
INSERT INTO public.t100 VALUES (18);
INSERT INTO public.t100 VALUES (19);
INSERT INTO public.t100 VALUES (20);
INSERT INTO public.t100 VALUES (21);
INSERT INTO public.t100 VALUES (22);
INSERT INTO public.t100 VALUES (23);
INSERT INTO public.t100 VALUES (24);
INSERT INTO public.t100 VALUES (25);
INSERT INTO public.t100 VALUES (26);
INSERT INTO public.t100 VALUES (27);
INSERT INTO public.t100 VALUES (28);
INSERT INTO public.t100 VALUES (29);
INSERT INTO public.t100 VALUES (30);
INSERT INTO public.t100 VALUES (31);
INSERT INTO public.t100 VALUES (32);
INSERT INTO public.t100 VALUES (33);
INSERT INTO public.t100 VALUES (34);
INSERT INTO public.t100 VALUES (35);
INSERT INTO public.t100 VALUES (36);
INSERT INTO public.t100 VALUES (37);
INSERT INTO public.t100 VALUES (38);
INSERT INTO public.t100 VALUES (39);
INSERT INTO public.t100 VALUES (40);
INSERT INTO public.t100 VALUES (41);
INSERT INTO public.t100 VALUES (42);
INSERT INTO public.t100 VALUES (43);
INSERT INTO public.t100 VALUES (44);
INSERT INTO public.t100 VALUES (45);
INSERT INTO public.t100 VALUES (46);
INSERT INTO public.t100 VALUES (47);
INSERT INTO public.t100 VALUES (48);
INSERT INTO public.t100 VALUES (49);
INSERT INTO public.t100 VALUES (50);
INSERT INTO public.t100 VALUES (51);
INSERT INTO public.t100 VALUES (52);
INSERT INTO public.t100 VALUES (53);
INSERT INTO public.t100 VALUES (54);
INSERT INTO public.t100 VALUES (55);
INSERT INTO public.t100 VALUES (56);
INSERT INTO public.t100 VALUES (57);
INSERT INTO public.t100 VALUES (58);
INSERT INTO public.t100 VALUES (59);
INSERT INTO public.t100 VALUES (60);
INSERT INTO public.t100 VALUES (61);
INSERT INTO public.t100 VALUES (62);
INSERT INTO public.t100 VALUES (63);
INSERT INTO public.t100 VALUES (64);
INSERT INTO public.t100 VALUES (65);
INSERT INTO public.t100 VALUES (66);
INSERT INTO public.t100 VALUES (67);
INSERT INTO public.t100 VALUES (68);
INSERT INTO public.t100 VALUES (69);
INSERT INTO public.t100 VALUES (70);
INSERT INTO public.t100 VALUES (71);
INSERT INTO public.t100 VALUES (72);
INSERT INTO public.t100 VALUES (73);
INSERT INTO public.t100 VALUES (74);
INSERT INTO public.t100 VALUES (75);
INSERT INTO public.t100 VALUES (76);
INSERT INTO public.t100 VALUES (77);
INSERT INTO public.t100 VALUES (78);
INSERT INTO public.t100 VALUES (79);
INSERT INTO public.t100 VALUES (80);
INSERT INTO public.t100 VALUES (81);
INSERT INTO public.t100 VALUES (82);
INSERT INTO public.t100 VALUES (83);
INSERT INTO public.t100 VALUES (84);
INSERT INTO public.t100 VALUES (85);
INSERT INTO public.t100 VALUES (86);
INSERT INTO public.t100 VALUES (87);
INSERT INTO public.t100 VALUES (88);
INSERT INTO public.t100 VALUES (89);
INSERT INTO public.t100 VALUES (90);
INSERT INTO public.t100 VALUES (91);
INSERT INTO public.t100 VALUES (92);
INSERT INTO public.t100 VALUES (93);
INSERT INTO public.t100 VALUES (94);
INSERT INTO public.t100 VALUES (95);
INSERT INTO public.t100 VALUES (96);
INSERT INTO public.t100 VALUES (97);
INSERT INTO public.t100 VALUES (98);
INSERT INTO public.t100 VALUES (99);
INSERT INTO public.t100 VALUES (100);


--
-- Data for Name: t500; Type: TABLE DATA; Schema: public; Owner: postgres
--

INSERT INTO public.t500 VALUES (1);
INSERT INTO public.t500 VALUES (2);
INSERT INTO public.t500 VALUES (3);
INSERT INTO public.t500 VALUES (4);
INSERT INTO public.t500 VALUES (5);
INSERT INTO public.t500 VALUES (6);
INSERT INTO public.t500 VALUES (7);
INSERT INTO public.t500 VALUES (8);
INSERT INTO public.t500 VALUES (9);
INSERT INTO public.t500 VALUES (10);
INSERT INTO public.t500 VALUES (11);
INSERT INTO public.t500 VALUES (12);
INSERT INTO public.t500 VALUES (13);
INSERT INTO public.t500 VALUES (14);
INSERT INTO public.t500 VALUES (15);
INSERT INTO public.t500 VALUES (16);
INSERT INTO public.t500 VALUES (17);
INSERT INTO public.t500 VALUES (18);
INSERT INTO public.t500 VALUES (19);
INSERT INTO public.t500 VALUES (20);
INSERT INTO public.t500 VALUES (21);
INSERT INTO public.t500 VALUES (22);
INSERT INTO public.t500 VALUES (23);
INSERT INTO public.t500 VALUES (24);
INSERT INTO public.t500 VALUES (25);
INSERT INTO public.t500 VALUES (26);
INSERT INTO public.t500 VALUES (27);
INSERT INTO public.t500 VALUES (28);
INSERT INTO public.t500 VALUES (29);
INSERT INTO public.t500 VALUES (30);
INSERT INTO public.t500 VALUES (31);
INSERT INTO public.t500 VALUES (32);
INSERT INTO public.t500 VALUES (33);
INSERT INTO public.t500 VALUES (34);
INSERT INTO public.t500 VALUES (35);
INSERT INTO public.t500 VALUES (36);
INSERT INTO public.t500 VALUES (37);
INSERT INTO public.t500 VALUES (38);
INSERT INTO public.t500 VALUES (39);
INSERT INTO public.t500 VALUES (40);
INSERT INTO public.t500 VALUES (41);
INSERT INTO public.t500 VALUES (42);
INSERT INTO public.t500 VALUES (43);
INSERT INTO public.t500 VALUES (44);
INSERT INTO public.t500 VALUES (45);
INSERT INTO public.t500 VALUES (46);
INSERT INTO public.t500 VALUES (47);
INSERT INTO public.t500 VALUES (48);
INSERT INTO public.t500 VALUES (49);
INSERT INTO public.t500 VALUES (50);
INSERT INTO public.t500 VALUES (51);
INSERT INTO public.t500 VALUES (52);
INSERT INTO public.t500 VALUES (53);
INSERT INTO public.t500 VALUES (54);
INSERT INTO public.t500 VALUES (55);
INSERT INTO public.t500 VALUES (56);
INSERT INTO public.t500 VALUES (57);
INSERT INTO public.t500 VALUES (58);
INSERT INTO public.t500 VALUES (59);
INSERT INTO public.t500 VALUES (60);
INSERT INTO public.t500 VALUES (61);
INSERT INTO public.t500 VALUES (62);
INSERT INTO public.t500 VALUES (63);
INSERT INTO public.t500 VALUES (64);
INSERT INTO public.t500 VALUES (65);
INSERT INTO public.t500 VALUES (66);
INSERT INTO public.t500 VALUES (67);
INSERT INTO public.t500 VALUES (68);
INSERT INTO public.t500 VALUES (69);
INSERT INTO public.t500 VALUES (70);
INSERT INTO public.t500 VALUES (71);
INSERT INTO public.t500 VALUES (72);
INSERT INTO public.t500 VALUES (73);
INSERT INTO public.t500 VALUES (74);
INSERT INTO public.t500 VALUES (75);
INSERT INTO public.t500 VALUES (76);
INSERT INTO public.t500 VALUES (77);
INSERT INTO public.t500 VALUES (78);
INSERT INTO public.t500 VALUES (79);
INSERT INTO public.t500 VALUES (80);
INSERT INTO public.t500 VALUES (81);
INSERT INTO public.t500 VALUES (82);
INSERT INTO public.t500 VALUES (83);
INSERT INTO public.t500 VALUES (84);
INSERT INTO public.t500 VALUES (85);
INSERT INTO public.t500 VALUES (86);
INSERT INTO public.t500 VALUES (87);
INSERT INTO public.t500 VALUES (88);
INSERT INTO public.t500 VALUES (89);
INSERT INTO public.t500 VALUES (90);
INSERT INTO public.t500 VALUES (91);
INSERT INTO public.t500 VALUES (92);
INSERT INTO public.t500 VALUES (93);
INSERT INTO public.t500 VALUES (94);
INSERT INTO public.t500 VALUES (95);
INSERT INTO public.t500 VALUES (96);
INSERT INTO public.t500 VALUES (97);
INSERT INTO public.t500 VALUES (98);
INSERT INTO public.t500 VALUES (99);
INSERT INTO public.t500 VALUES (100);
INSERT INTO public.t500 VALUES (101);
INSERT INTO public.t500 VALUES (102);
INSERT INTO public.t500 VALUES (103);
INSERT INTO public.t500 VALUES (104);
INSERT INTO public.t500 VALUES (105);
INSERT INTO public.t500 VALUES (106);
INSERT INTO public.t500 VALUES (107);
INSERT INTO public.t500 VALUES (108);
INSERT INTO public.t500 VALUES (109);
INSERT INTO public.t500 VALUES (110);
INSERT INTO public.t500 VALUES (111);
INSERT INTO public.t500 VALUES (112);
INSERT INTO public.t500 VALUES (113);
INSERT INTO public.t500 VALUES (114);
INSERT INTO public.t500 VALUES (115);
INSERT INTO public.t500 VALUES (116);
INSERT INTO public.t500 VALUES (117);
INSERT INTO public.t500 VALUES (118);
INSERT INTO public.t500 VALUES (119);
INSERT INTO public.t500 VALUES (120);
INSERT INTO public.t500 VALUES (121);
INSERT INTO public.t500 VALUES (122);
INSERT INTO public.t500 VALUES (123);
INSERT INTO public.t500 VALUES (124);
INSERT INTO public.t500 VALUES (125);
INSERT INTO public.t500 VALUES (126);
INSERT INTO public.t500 VALUES (127);
INSERT INTO public.t500 VALUES (128);
INSERT INTO public.t500 VALUES (129);
INSERT INTO public.t500 VALUES (130);
INSERT INTO public.t500 VALUES (131);
INSERT INTO public.t500 VALUES (132);
INSERT INTO public.t500 VALUES (133);
INSERT INTO public.t500 VALUES (134);
INSERT INTO public.t500 VALUES (135);
INSERT INTO public.t500 VALUES (136);
INSERT INTO public.t500 VALUES (137);
INSERT INTO public.t500 VALUES (138);
INSERT INTO public.t500 VALUES (139);
INSERT INTO public.t500 VALUES (140);
INSERT INTO public.t500 VALUES (141);
INSERT INTO public.t500 VALUES (142);
INSERT INTO public.t500 VALUES (143);
INSERT INTO public.t500 VALUES (144);
INSERT INTO public.t500 VALUES (145);
INSERT INTO public.t500 VALUES (146);
INSERT INTO public.t500 VALUES (147);
INSERT INTO public.t500 VALUES (148);
INSERT INTO public.t500 VALUES (149);
INSERT INTO public.t500 VALUES (150);
INSERT INTO public.t500 VALUES (151);
INSERT INTO public.t500 VALUES (152);
INSERT INTO public.t500 VALUES (153);
INSERT INTO public.t500 VALUES (154);
INSERT INTO public.t500 VALUES (155);
INSERT INTO public.t500 VALUES (156);
INSERT INTO public.t500 VALUES (157);
INSERT INTO public.t500 VALUES (158);
INSERT INTO public.t500 VALUES (159);
INSERT INTO public.t500 VALUES (160);
INSERT INTO public.t500 VALUES (161);
INSERT INTO public.t500 VALUES (162);
INSERT INTO public.t500 VALUES (163);
INSERT INTO public.t500 VALUES (164);
INSERT INTO public.t500 VALUES (165);
INSERT INTO public.t500 VALUES (166);
INSERT INTO public.t500 VALUES (167);
INSERT INTO public.t500 VALUES (168);
INSERT INTO public.t500 VALUES (169);
INSERT INTO public.t500 VALUES (170);
INSERT INTO public.t500 VALUES (171);
INSERT INTO public.t500 VALUES (172);
INSERT INTO public.t500 VALUES (173);
INSERT INTO public.t500 VALUES (174);
INSERT INTO public.t500 VALUES (175);
INSERT INTO public.t500 VALUES (176);
INSERT INTO public.t500 VALUES (177);
INSERT INTO public.t500 VALUES (178);
INSERT INTO public.t500 VALUES (179);
INSERT INTO public.t500 VALUES (180);
INSERT INTO public.t500 VALUES (181);
INSERT INTO public.t500 VALUES (182);
INSERT INTO public.t500 VALUES (183);
INSERT INTO public.t500 VALUES (184);
INSERT INTO public.t500 VALUES (185);
INSERT INTO public.t500 VALUES (186);
INSERT INTO public.t500 VALUES (187);
INSERT INTO public.t500 VALUES (188);
INSERT INTO public.t500 VALUES (189);
INSERT INTO public.t500 VALUES (190);
INSERT INTO public.t500 VALUES (191);
INSERT INTO public.t500 VALUES (192);
INSERT INTO public.t500 VALUES (193);
INSERT INTO public.t500 VALUES (194);
INSERT INTO public.t500 VALUES (195);
INSERT INTO public.t500 VALUES (196);
INSERT INTO public.t500 VALUES (197);
INSERT INTO public.t500 VALUES (198);
INSERT INTO public.t500 VALUES (199);
INSERT INTO public.t500 VALUES (200);
INSERT INTO public.t500 VALUES (201);
INSERT INTO public.t500 VALUES (202);
INSERT INTO public.t500 VALUES (203);
INSERT INTO public.t500 VALUES (204);
INSERT INTO public.t500 VALUES (205);
INSERT INTO public.t500 VALUES (206);
INSERT INTO public.t500 VALUES (207);
INSERT INTO public.t500 VALUES (208);
INSERT INTO public.t500 VALUES (209);
INSERT INTO public.t500 VALUES (210);
INSERT INTO public.t500 VALUES (211);
INSERT INTO public.t500 VALUES (212);
INSERT INTO public.t500 VALUES (213);
INSERT INTO public.t500 VALUES (214);
INSERT INTO public.t500 VALUES (215);
INSERT INTO public.t500 VALUES (216);
INSERT INTO public.t500 VALUES (217);
INSERT INTO public.t500 VALUES (218);
INSERT INTO public.t500 VALUES (219);
INSERT INTO public.t500 VALUES (220);
INSERT INTO public.t500 VALUES (221);
INSERT INTO public.t500 VALUES (222);
INSERT INTO public.t500 VALUES (223);
INSERT INTO public.t500 VALUES (224);
INSERT INTO public.t500 VALUES (225);
INSERT INTO public.t500 VALUES (226);
INSERT INTO public.t500 VALUES (227);
INSERT INTO public.t500 VALUES (228);
INSERT INTO public.t500 VALUES (229);
INSERT INTO public.t500 VALUES (230);
INSERT INTO public.t500 VALUES (231);
INSERT INTO public.t500 VALUES (232);
INSERT INTO public.t500 VALUES (233);
INSERT INTO public.t500 VALUES (234);
INSERT INTO public.t500 VALUES (235);
INSERT INTO public.t500 VALUES (236);
INSERT INTO public.t500 VALUES (237);
INSERT INTO public.t500 VALUES (238);
INSERT INTO public.t500 VALUES (239);
INSERT INTO public.t500 VALUES (240);
INSERT INTO public.t500 VALUES (241);
INSERT INTO public.t500 VALUES (242);
INSERT INTO public.t500 VALUES (243);
INSERT INTO public.t500 VALUES (244);
INSERT INTO public.t500 VALUES (245);
INSERT INTO public.t500 VALUES (246);
INSERT INTO public.t500 VALUES (247);
INSERT INTO public.t500 VALUES (248);
INSERT INTO public.t500 VALUES (249);
INSERT INTO public.t500 VALUES (250);
INSERT INTO public.t500 VALUES (251);
INSERT INTO public.t500 VALUES (252);
INSERT INTO public.t500 VALUES (253);
INSERT INTO public.t500 VALUES (254);
INSERT INTO public.t500 VALUES (255);
INSERT INTO public.t500 VALUES (256);
INSERT INTO public.t500 VALUES (257);
INSERT INTO public.t500 VALUES (258);
INSERT INTO public.t500 VALUES (259);
INSERT INTO public.t500 VALUES (260);
INSERT INTO public.t500 VALUES (261);
INSERT INTO public.t500 VALUES (262);
INSERT INTO public.t500 VALUES (263);
INSERT INTO public.t500 VALUES (264);
INSERT INTO public.t500 VALUES (265);
INSERT INTO public.t500 VALUES (266);
INSERT INTO public.t500 VALUES (267);
INSERT INTO public.t500 VALUES (268);
INSERT INTO public.t500 VALUES (269);
INSERT INTO public.t500 VALUES (270);
INSERT INTO public.t500 VALUES (271);
INSERT INTO public.t500 VALUES (272);
INSERT INTO public.t500 VALUES (273);
INSERT INTO public.t500 VALUES (274);
INSERT INTO public.t500 VALUES (275);
INSERT INTO public.t500 VALUES (276);
INSERT INTO public.t500 VALUES (277);
INSERT INTO public.t500 VALUES (278);
INSERT INTO public.t500 VALUES (279);
INSERT INTO public.t500 VALUES (280);
INSERT INTO public.t500 VALUES (281);
INSERT INTO public.t500 VALUES (282);
INSERT INTO public.t500 VALUES (283);
INSERT INTO public.t500 VALUES (284);
INSERT INTO public.t500 VALUES (285);
INSERT INTO public.t500 VALUES (286);
INSERT INTO public.t500 VALUES (287);
INSERT INTO public.t500 VALUES (288);
INSERT INTO public.t500 VALUES (289);
INSERT INTO public.t500 VALUES (290);
INSERT INTO public.t500 VALUES (291);
INSERT INTO public.t500 VALUES (292);
INSERT INTO public.t500 VALUES (293);
INSERT INTO public.t500 VALUES (294);
INSERT INTO public.t500 VALUES (295);
INSERT INTO public.t500 VALUES (296);
INSERT INTO public.t500 VALUES (297);
INSERT INTO public.t500 VALUES (298);
INSERT INTO public.t500 VALUES (299);
INSERT INTO public.t500 VALUES (300);
INSERT INTO public.t500 VALUES (301);
INSERT INTO public.t500 VALUES (302);
INSERT INTO public.t500 VALUES (303);
INSERT INTO public.t500 VALUES (304);
INSERT INTO public.t500 VALUES (305);
INSERT INTO public.t500 VALUES (306);
INSERT INTO public.t500 VALUES (307);
INSERT INTO public.t500 VALUES (308);
INSERT INTO public.t500 VALUES (309);
INSERT INTO public.t500 VALUES (310);
INSERT INTO public.t500 VALUES (311);
INSERT INTO public.t500 VALUES (312);
INSERT INTO public.t500 VALUES (313);
INSERT INTO public.t500 VALUES (314);
INSERT INTO public.t500 VALUES (315);
INSERT INTO public.t500 VALUES (316);
INSERT INTO public.t500 VALUES (317);
INSERT INTO public.t500 VALUES (318);
INSERT INTO public.t500 VALUES (319);
INSERT INTO public.t500 VALUES (320);
INSERT INTO public.t500 VALUES (321);
INSERT INTO public.t500 VALUES (322);
INSERT INTO public.t500 VALUES (323);
INSERT INTO public.t500 VALUES (324);
INSERT INTO public.t500 VALUES (325);
INSERT INTO public.t500 VALUES (326);
INSERT INTO public.t500 VALUES (327);
INSERT INTO public.t500 VALUES (328);
INSERT INTO public.t500 VALUES (329);
INSERT INTO public.t500 VALUES (330);
INSERT INTO public.t500 VALUES (331);
INSERT INTO public.t500 VALUES (332);
INSERT INTO public.t500 VALUES (333);
INSERT INTO public.t500 VALUES (334);
INSERT INTO public.t500 VALUES (335);
INSERT INTO public.t500 VALUES (336);
INSERT INTO public.t500 VALUES (337);
INSERT INTO public.t500 VALUES (338);
INSERT INTO public.t500 VALUES (339);
INSERT INTO public.t500 VALUES (340);
INSERT INTO public.t500 VALUES (341);
INSERT INTO public.t500 VALUES (342);
INSERT INTO public.t500 VALUES (343);
INSERT INTO public.t500 VALUES (344);
INSERT INTO public.t500 VALUES (345);
INSERT INTO public.t500 VALUES (346);
INSERT INTO public.t500 VALUES (347);
INSERT INTO public.t500 VALUES (348);
INSERT INTO public.t500 VALUES (349);
INSERT INTO public.t500 VALUES (350);
INSERT INTO public.t500 VALUES (351);
INSERT INTO public.t500 VALUES (352);
INSERT INTO public.t500 VALUES (353);
INSERT INTO public.t500 VALUES (354);
INSERT INTO public.t500 VALUES (355);
INSERT INTO public.t500 VALUES (356);
INSERT INTO public.t500 VALUES (357);
INSERT INTO public.t500 VALUES (358);
INSERT INTO public.t500 VALUES (359);
INSERT INTO public.t500 VALUES (360);
INSERT INTO public.t500 VALUES (361);
INSERT INTO public.t500 VALUES (362);
INSERT INTO public.t500 VALUES (363);
INSERT INTO public.t500 VALUES (364);
INSERT INTO public.t500 VALUES (365);
INSERT INTO public.t500 VALUES (366);
INSERT INTO public.t500 VALUES (367);
INSERT INTO public.t500 VALUES (368);
INSERT INTO public.t500 VALUES (369);
INSERT INTO public.t500 VALUES (370);
INSERT INTO public.t500 VALUES (371);
INSERT INTO public.t500 VALUES (372);
INSERT INTO public.t500 VALUES (373);
INSERT INTO public.t500 VALUES (374);
INSERT INTO public.t500 VALUES (375);
INSERT INTO public.t500 VALUES (376);
INSERT INTO public.t500 VALUES (377);
INSERT INTO public.t500 VALUES (378);
INSERT INTO public.t500 VALUES (379);
INSERT INTO public.t500 VALUES (380);
INSERT INTO public.t500 VALUES (381);
INSERT INTO public.t500 VALUES (382);
INSERT INTO public.t500 VALUES (383);
INSERT INTO public.t500 VALUES (384);
INSERT INTO public.t500 VALUES (385);
INSERT INTO public.t500 VALUES (386);
INSERT INTO public.t500 VALUES (387);
INSERT INTO public.t500 VALUES (388);
INSERT INTO public.t500 VALUES (389);
INSERT INTO public.t500 VALUES (390);
INSERT INTO public.t500 VALUES (391);
INSERT INTO public.t500 VALUES (392);
INSERT INTO public.t500 VALUES (393);
INSERT INTO public.t500 VALUES (394);
INSERT INTO public.t500 VALUES (395);
INSERT INTO public.t500 VALUES (396);
INSERT INTO public.t500 VALUES (397);
INSERT INTO public.t500 VALUES (398);
INSERT INTO public.t500 VALUES (399);
INSERT INTO public.t500 VALUES (400);
INSERT INTO public.t500 VALUES (401);
INSERT INTO public.t500 VALUES (402);
INSERT INTO public.t500 VALUES (403);
INSERT INTO public.t500 VALUES (404);
INSERT INTO public.t500 VALUES (405);
INSERT INTO public.t500 VALUES (406);
INSERT INTO public.t500 VALUES (407);
INSERT INTO public.t500 VALUES (408);
INSERT INTO public.t500 VALUES (409);
INSERT INTO public.t500 VALUES (410);
INSERT INTO public.t500 VALUES (411);
INSERT INTO public.t500 VALUES (412);
INSERT INTO public.t500 VALUES (413);
INSERT INTO public.t500 VALUES (414);
INSERT INTO public.t500 VALUES (415);
INSERT INTO public.t500 VALUES (416);
INSERT INTO public.t500 VALUES (417);
INSERT INTO public.t500 VALUES (418);
INSERT INTO public.t500 VALUES (419);
INSERT INTO public.t500 VALUES (420);
INSERT INTO public.t500 VALUES (421);
INSERT INTO public.t500 VALUES (422);
INSERT INTO public.t500 VALUES (423);
INSERT INTO public.t500 VALUES (424);
INSERT INTO public.t500 VALUES (425);
INSERT INTO public.t500 VALUES (426);
INSERT INTO public.t500 VALUES (427);
INSERT INTO public.t500 VALUES (428);
INSERT INTO public.t500 VALUES (429);
INSERT INTO public.t500 VALUES (430);
INSERT INTO public.t500 VALUES (431);
INSERT INTO public.t500 VALUES (432);
INSERT INTO public.t500 VALUES (433);
INSERT INTO public.t500 VALUES (434);
INSERT INTO public.t500 VALUES (435);
INSERT INTO public.t500 VALUES (436);
INSERT INTO public.t500 VALUES (437);
INSERT INTO public.t500 VALUES (438);
INSERT INTO public.t500 VALUES (439);
INSERT INTO public.t500 VALUES (440);
INSERT INTO public.t500 VALUES (441);
INSERT INTO public.t500 VALUES (442);
INSERT INTO public.t500 VALUES (443);
INSERT INTO public.t500 VALUES (444);
INSERT INTO public.t500 VALUES (445);
INSERT INTO public.t500 VALUES (446);
INSERT INTO public.t500 VALUES (447);
INSERT INTO public.t500 VALUES (448);
INSERT INTO public.t500 VALUES (449);
INSERT INTO public.t500 VALUES (450);
INSERT INTO public.t500 VALUES (451);
INSERT INTO public.t500 VALUES (452);
INSERT INTO public.t500 VALUES (453);
INSERT INTO public.t500 VALUES (454);
INSERT INTO public.t500 VALUES (455);
INSERT INTO public.t500 VALUES (456);
INSERT INTO public.t500 VALUES (457);
INSERT INTO public.t500 VALUES (458);
INSERT INTO public.t500 VALUES (459);
INSERT INTO public.t500 VALUES (460);
INSERT INTO public.t500 VALUES (461);
INSERT INTO public.t500 VALUES (462);
INSERT INTO public.t500 VALUES (463);
INSERT INTO public.t500 VALUES (464);
INSERT INTO public.t500 VALUES (465);
INSERT INTO public.t500 VALUES (466);
INSERT INTO public.t500 VALUES (467);
INSERT INTO public.t500 VALUES (468);
INSERT INTO public.t500 VALUES (469);
INSERT INTO public.t500 VALUES (470);
INSERT INTO public.t500 VALUES (471);
INSERT INTO public.t500 VALUES (472);
INSERT INTO public.t500 VALUES (473);
INSERT INTO public.t500 VALUES (474);
INSERT INTO public.t500 VALUES (475);
INSERT INTO public.t500 VALUES (476);
INSERT INTO public.t500 VALUES (477);
INSERT INTO public.t500 VALUES (478);
INSERT INTO public.t500 VALUES (479);
INSERT INTO public.t500 VALUES (480);
INSERT INTO public.t500 VALUES (481);
INSERT INTO public.t500 VALUES (482);
INSERT INTO public.t500 VALUES (483);
INSERT INTO public.t500 VALUES (484);
INSERT INTO public.t500 VALUES (485);
INSERT INTO public.t500 VALUES (486);
INSERT INTO public.t500 VALUES (487);
INSERT INTO public.t500 VALUES (488);
INSERT INTO public.t500 VALUES (489);
INSERT INTO public.t500 VALUES (490);
INSERT INTO public.t500 VALUES (491);
INSERT INTO public.t500 VALUES (492);
INSERT INTO public.t500 VALUES (493);
INSERT INTO public.t500 VALUES (494);
INSERT INTO public.t500 VALUES (495);
INSERT INTO public.t500 VALUES (496);
INSERT INTO public.t500 VALUES (497);
INSERT INTO public.t500 VALUES (498);
INSERT INTO public.t500 VALUES (499);
INSERT INTO public.t500 VALUES (500);


--
-- Name: dept dept_pk; Type: CONSTRAINT; Schema: public; Owner: postgres
--

ALTER TABLE ONLY public.dept
    ADD CONSTRAINT dept_pk PRIMARY KEY (deptno);


--
-- Name: emp emp_pk; Type: CONSTRAINT; Schema: public; Owner: postgres
--

ALTER TABLE ONLY public.emp
    ADD CONSTRAINT emp_pk PRIMARY KEY (empno);


--
-- Name: t100 t100_pk; Type: CONSTRAINT; Schema: public; Owner: postgres
--

ALTER TABLE ONLY public.t100
    ADD CONSTRAINT t100_pk PRIMARY KEY (id);


--
-- Name: t10 t10_pk; Type: CONSTRAINT; Schema: public; Owner: postgres
--

ALTER TABLE ONLY public.t10
    ADD CONSTRAINT t10_pk PRIMARY KEY (id);


--
-- Name: t1 t1_pk; Type: CONSTRAINT; Schema: public; Owner: postgres
--

ALTER TABLE ONLY public.t1
    ADD CONSTRAINT t1_pk PRIMARY KEY (id);


--
-- Name: t500 t500_pk; Type: CONSTRAINT; Schema: public; Owner: postgres
--

ALTER TABLE ONLY public.t500
    ADD CONSTRAINT t500_pk PRIMARY KEY (id);


--
-- Name: dept_deptno_uindex; Type: INDEX; Schema: public; Owner: postgres
--

CREATE UNIQUE INDEX dept_deptno_uindex ON public.dept USING btree (deptno);


--
-- Name: emp_empno_uindex; Type: INDEX; Schema: public; Owner: postgres
--

CREATE UNIQUE INDEX emp_empno_uindex ON public.emp USING btree (empno);


--
-- Name: t100_id_uindex; Type: INDEX; Schema: public; Owner: postgres
--

CREATE UNIQUE INDEX t100_id_uindex ON public.t100 USING btree (id);


--
-- Name: t10_id_uindex; Type: INDEX; Schema: public; Owner: postgres
--

CREATE UNIQUE INDEX t10_id_uindex ON public.t10 USING btree (id);


--
-- Name: t1_id_uindex; Type: INDEX; Schema: public; Owner: postgres
--

CREATE UNIQUE INDEX t1_id_uindex ON public.t1 USING btree (id);


--
-- Name: t500_id_uindex; Type: INDEX; Schema: public; Owner: postgres
--

CREATE UNIQUE INDEX t500_id_uindex ON public.t500 USING btree (id);


--
-- Name: emp emp_dept_deptno_fk; Type: FK CONSTRAINT; Schema: public; Owner: postgres
--

ALTER TABLE ONLY public.emp
    ADD CONSTRAINT emp_dept_deptno_fk FOREIGN KEY (deptno) REFERENCES public.dept(deptno);


--
-- Name: emp emp_emp_empno_fk; Type: FK CONSTRAINT; Schema: public; Owner: postgres
--

ALTER TABLE ONLY public.emp
    ADD CONSTRAINT emp_emp_empno_fk FOREIGN KEY (mgr) REFERENCES public.emp(empno);


--
-- PostgreSQL database dump complete
--

